seed,layer,neuron,representative_decoded_tokens
matrix,24,2469,"matrix; table; mat; grid; board; tensor"
matrix,19,11174,"matrix; transformation; inv; transform; mat; inverse"
matrix,21,3976,"matrix; mat; grid; nested; transpose; board"
matrix,23,3478,"identity; matrix; composition; mat; inverse; matmul"
matrix,24,826,"rows; cols; matrix; diag; mat; sparse"
linalg,23,3341,"norm; absolute; linalg; normalize; inner; vector"
linalg,29,6197,"linalg; Lint; lstm; large; lift; len"
linalg,29,5105,"limit; length; link; library; long; loading"
linalg,27,3794,"len; led; let; linear; log; linalg"
linalg,29,7499,"NotFoundError; and; einsum; bundler; HTTPError"
